rank,company,ticker,cik,fiscal_year,current_federal,current_state,current_foreign,total_current,deferred_federal,deferred_state,deferred_foreign,total_deferred,total_tax_expense,pretax_income,effective_tax_rate,cash_taxes_paid
1,Walmart Inc.,WMT,0000104169,2025,0.00,0.00,0.00,0.00,0.00,0.00,0.00,0.00,"6,152.00",0.00,10.00%,0.00
1,Walmart Inc.,WMT,0000104169,2024,0.00,0.00,0.00,0.00,0.00,0.00,0.00,0.00,"5,578.00",0.00,0.00%,0.00
1,Walmart Inc.,WMT,0000104169,2023,0.00,0.00,0.00,0.00,0.00,0.00,0.00,0.00,"5,724.00",0.00,0.00%,0.00
2,Amazon.com Inc.,AMZN,0001018724,2024,"9,039.00","2,109.00","2,765.00","13,913.00","-4,101.00",-453.00,-94.00,"-4,648.00","9,265.00",0.00,0.00%,0.00
2,Amazon.com Inc.,AMZN,0001018724,2023,"8,652.00","2,158.00","2,186.00","12,996.00","-5,505.00",-498.00,127.00,"-5,876.00","7,120.00",0.00,0.00%,0.00
2,Amazon.com Inc.,AMZN,0001018724,2022,"2,175.00","1,074.00","1,682.00","4,931.00","-6,686.00","-1,302.00",-160.00,"-8,148.00","-3,217.00",0.00,0.00%,0.00
3,Apple Inc.,AAPL,0000320193,2025,"11,487.00","1,680.00","8,891.00","22,058.00","-1,804.00",-139.00,604.00,"-1,339.00","20,719.00",0.00,43.00%,0.00
3,Apple Inc.,AAPL,0000320193,2024,"5,571.00","1,726.00","25,483.00","32,780.00","-3,080.00",-298.00,347.00,"-3,031.00","29,749.00",0.00,0.00%,0.00
3,Apple Inc.,AAPL,0000320193,2023,"9,445.00","1,570.00","8,750.00","19,765.00","-3,644.00",-49.00,669.00,"-3,024.00","16,741.00",0.00,0.00%,0.00
4,UnitedHealth Group Inc.,UNH,0000731766,2024,0.00,0.00,0.00,0.00,0.00,0.00,0.00,0.00,"4,829.00",0.00,21.00%,0.00
4,UnitedHealth Group Inc.,UNH,0000731766,2023,0.00,0.00,0.00,0.00,0.00,0.00,0.00,0.00,"5,968.00",0.00,0.00%,0.00
4,UnitedHealth Group Inc.,UNH,0000731766,2022,0.00,0.00,0.00,0.00,0.00,0.00,0.00,0.00,"5,704.00",0.00,0.00%,0.00
5,Berkshire Hathaway Inc.,BRK.B,0001067983,2024,0.00,0.00,0.00,0.00,0.00,0.00,0.00,0.00,0.00,0.00,18.90%,0.00
5,Berkshire Hathaway Inc.,BRK.B,0001067983,2023,0.00,0.00,0.00,0.00,0.00,0.00,0.00,0.00,0.00,0.00,0.00%,0.00
5,Berkshire Hathaway Inc.,BRK.B,0001067983,2022,0.00,0.00,0.00,0.00,0.00,0.00,0.00,0.00,0.00,0.00,0.00%,0.00
6,CVS Health Corp.,CVS,0000064803,2024,0.00,0.00,0.00,0.00,0.00,0.00,0.00,0.00,0.00,0.00,0.00%,0.00
6,CVS Health Corp.,CVS,0000064803,2023,0.00,0.00,0.00,0.00,0.00,0.00,0.00,0.00,0.00,0.00,0.00%,0.00
6,CVS Health Corp.,CVS,0000064803,2022,0.00,0.00,0.00,0.00,0.00,0.00,0.00,0.00,0.00,0.00,0.00%,0.00
8,Alphabet Inc.,GOOGL,0001652044,2024,0.00,0.00,0.00,0.00,0.00,0.00,0.00,0.00,"19,697.00",0.00,0.00%,0.00
8,Alphabet Inc.,GOOGL,0001652044,2023,0.00,0.00,0.00,0.00,0.00,0.00,0.00,0.00,"11,922.00",0.00,0.00%,0.00
8,Alphabet Inc.,GOOGL,0001652044,2022,0.00,0.00,0.00,0.00,0.00,0.00,0.00,0.00,"11,356.00",0.00,0.00%,0.00
9,McKesson Corp.,MCK,0000927653,2025,0.00,0.00,0.00,0.00,0.00,0.00,0.00,0.00,878.00,0.00,0.00%,0.00
9,McKesson Corp.,MCK,0000927653,2024,0.00,0.00,0.00,0.00,0.00,0.00,0.00,0.00,629.00,0.00,0.00%,0.00
9,McKesson Corp.,MCK,0000927653,2023,0.00,0.00,0.00,0.00,0.00,0.00,0.00,0.00,905.00,0.00,0.00%,0.00
10,Cencora Inc.,COR,0001140859,2025,0.00,0.00,0.00,0.00,0.00,0.00,0.00,0.00,"690,522.00",0.00,36.00%,0.00
10,Cencora Inc.,COR,0001140859,2024,0.00,0.00,0.00,0.00,0.00,0.00,0.00,0.00,"484,702.00",0.00,0.00%,0.00
10,Cencora Inc.,COR,0001140859,2023,0.00,0.00,0.00,0.00,0.00,0.00,0.00,0.00,"428,260.00",0.00,0.00%,0.00
11,Costco Wholesale Corp.,COST,0000909832,2025,"1,395.00",449.00,955.00,"2,799.00",-42.00,-18.00,-20.00,-80.00,"2,719.00",0.00,0.00%,0.00
11,Costco Wholesale Corp.,COST,0000909832,2024,"1,245.00",431.00,798.00,"2,474.00",48.00,-77.00,-72.00,-101.00,"2,373.00",0.00,0.00%,0.00
11,Costco Wholesale Corp.,COST,0000909832,2023,"1,056.00",374.00,732.00,"2,162.00",33.00,10.00,-10.00,33.00,"2,195.00",0.00,0.00%,0.00
12,Microsoft Corp.,MSFT,0000789019,2025,0.00,0.00,0.00,0.00,0.00,0.00,0.00,0.00,"21,795.00",0.00,18.00%,0.00
12,Microsoft Corp.,MSFT,0000789019,2024,0.00,0.00,0.00,0.00,0.00,0.00,0.00,0.00,"19,651.00",0.00,0.00%,0.00
12,Microsoft Corp.,MSFT,0000789019,2023,0.00,0.00,0.00,0.00,0.00,0.00,0.00,0.00,"16,950.00",0.00,0.00%,0.00
13,Cigna Group,CI,0001739940,2024,0.00,0.00,0.00,0.00,0.00,0.00,0.00,0.00,0.00,0.00,0.00%,0.00
13,Cigna Group,CI,0001739940,2023,0.00,0.00,0.00,0.00,0.00,0.00,0.00,0.00,0.00,0.00,0.00%,0.00
13,Cigna Group,CI,0001739940,2022,0.00,0.00,0.00,0.00,0.00,0.00,0.00,0.00,0.00,0.00,0.00%,0.00
14,Cardinal Health Inc.,CAH,0000721371,2025,0.00,0.00,0.00,0.00,0.00,0.00,0.00,0.00,532.00,0.00,20.00%,0.00
14,Cardinal Health Inc.,CAH,0000721371,2024,0.00,0.00,0.00,0.00,0.00,0.00,0.00,0.00,348.00,0.00,0.00%,0.00
14,Cardinal Health Inc.,CAH,0000721371,2023,0.00,0.00,0.00,0.00,0.00,0.00,0.00,0.00,332.00,0.00,0.00%,0.00
15,Chevron Corp.,CVX,0000093410,2024,0.00,0.00,0.00,0.00,0.00,0.00,0.00,0.00,"27,506.00",0.00,0.00%,0.00
15,Chevron Corp.,CVX,0000093410,2023,0.00,0.00,0.00,0.00,0.00,0.00,0.00,0.00,"29,584.00",0.00,0.00%,0.00
15,Chevron Corp.,CVX,0000093410,2022,0.00,0.00,0.00,0.00,0.00,0.00,0.00,0.00,"49,674.00",0.00,0.00%,0.00
16,JPMorgan Chase & Co.,JPM,0000019617,2024,0.00,0.00,0.00,0.00,0.00,0.00,0.00,0.00,"16,610.00",0.00,40.00%,0.00
16,JPMorgan Chase & Co.,JPM,0000019617,2023,0.00,0.00,0.00,0.00,0.00,0.00,0.00,0.00,"12,060.00",0.00,0.00%,0.00
16,JPMorgan Chase & Co.,JPM,0000019617,2022,0.00,0.00,0.00,0.00,0.00,0.00,0.00,0.00,"8,490.00",0.00,0.00%,0.00
17,Kroger Co.,KR,0000056873,2024,0.00,0.00,0.00,0.00,0.00,0.00,0.00,0.00,670.00,0.00,0.00%,0.00
17,Kroger Co.,KR,0000056873,2023,0.00,0.00,0.00,0.00,0.00,0.00,0.00,0.00,667.00,0.00,0.00%,0.00
17,Kroger Co.,KR,0000056873,2022,0.00,0.00,0.00,0.00,0.00,0.00,0.00,0.00,653.00,0.00,0.00%,0.00
19,Bank of America Corp.,BAC,0000070858,2024,0.00,0.00,0.00,0.00,0.00,0.00,0.00,0.00,"2,122.00",0.00,0.00%,0.00
19,Bank of America Corp.,BAC,0000070858,2023,0.00,0.00,0.00,0.00,0.00,0.00,0.00,0.00,"1,827.00",0.00,0.00%,0.00
19,Bank of America Corp.,BAC,0000070858,2022,0.00,0.00,0.00,0.00,0.00,0.00,0.00,0.00,"3,441.00",0.00,0.00%,0.00
20,Ford Motor Co.,F,0000037996,2024,0.00,0.00,0.00,0.00,0.00,0.00,0.00,0.00,0.00,0.00,50.00%,0.00
20,Ford Motor Co.,F,0000037996,2023,0.00,0.00,0.00,0.00,0.00,0.00,0.00,0.00,0.00,0.00,0.00%,0.00
20,Ford Motor Co.,F,0000037996,2022,0.00,0.00,0.00,0.00,0.00,0.00,0.00,0.00,0.00,0.00,0.00%,0.00
21,General Motors Co.,GM,0001467858,2024,0.00,0.00,0.00,0.00,0.00,0.00,0.00,0.00,"2,556.00",0.00,20.10%,0.00
21,General Motors Co.,GM,0001467858,2023,0.00,0.00,0.00,0.00,0.00,0.00,0.00,0.00,563.00,0.00,0.00%,0.00
21,General Motors Co.,GM,0001467858,2022,0.00,0.00,0.00,0.00,0.00,0.00,0.00,0.00,"1,888.00",0.00,0.00%,0.00
22,Home Depot Inc.,HD,0000354950,2024,0.00,0.00,0.00,0.00,0.00,0.00,0.00,0.00,"4,600.00",0.00,0.00%,0.00
22,Home Depot Inc.,HD,0000354950,2023,0.00,0.00,0.00,0.00,0.00,0.00,0.00,0.00,"4,781.00",0.00,0.00%,0.00
22,Home Depot Inc.,HD,0000354950,2022,0.00,0.00,0.00,0.00,0.00,0.00,0.00,0.00,"5,372.00",0.00,0.00%,0.00
23,Marathon Petroleum Corp.,MPC,0001510295,2024,0.00,0.00,0.00,0.00,0.00,0.00,0.00,0.00,0.00,0.00,0.00%,0.00
23,Marathon Petroleum Corp.,MPC,0001510295,2023,0.00,0.00,0.00,0.00,0.00,0.00,0.00,0.00,0.00,0.00,0.00%,0.00
23,Marathon Petroleum Corp.,MPC,0001510295,2022,0.00,0.00,0.00,0.00,0.00,0.00,0.00,0.00,0.00,0.00,0.00%,0.00
24,Elevance Health Inc.,ELV,0001156039,2024,0.00,0.00,0.00,0.00,0.00,0.00,0.00,0.00,"1,933.00",0.00,10.00%,0.00
24,Elevance Health Inc.,ELV,0001156039,2023,0.00,0.00,0.00,0.00,0.00,0.00,0.00,0.00,"1,724.00",0.00,0.00%,0.00
24,Elevance Health Inc.,ELV,0001156039,2022,0.00,0.00,0.00,0.00,0.00,0.00,0.00,0.00,"1,712.00",0.00,0.00%,0.00
25,Verizon Communications Inc.,VZ,0000732712,2024,0.00,0.00,0.00,0.00,0.00,0.00,0.00,0.00,0.00,0.00,0.00%,0.00
25,Verizon Communications Inc.,VZ,0000732712,2023,0.00,0.00,0.00,0.00,0.00,0.00,0.00,0.00,0.00,0.00,0.00%,0.00
25,Verizon Communications Inc.,VZ,0000732712,2022,0.00,0.00,0.00,0.00,0.00,0.00,0.00,0.00,0.00,0.00,0.00%,0.00
26,AT&T Inc.,T,0000732717,2024,859.00,0.00,68.00,927.00,-512.00,0.00,-28.00,-540.00,387.00,0.00,30.00%,0.00
26,AT&T Inc.,T,0000732717,2023,423.00,0.00,66.00,489.00,-832.00,0.00,38.00,-794.00,-305.00,0.00,0.00%,0.00
26,AT&T Inc.,T,0000732717,2022,21.00,0.00,106.00,127.00,912.00,0.00,-44.00,868.00,995.00,0.00,0.00%,0.00
27,Centene Corp.,CNC,0001071739,2024,0.00,0.00,0.00,0.00,0.00,0.00,0.00,0.00,899.00,0.00,16.00%,0.00
27,Centene Corp.,CNC,0001071739,2023,0.00,0.00,0.00,0.00,0.00,0.00,0.00,0.00,760.00,0.00,0.00%,0.00
27,Centene Corp.,CNC,0001071739,2022,0.00,0.00,0.00,0.00,0.00,0.00,0.00,0.00,0.00,0.00,0.00%,0.00
28,Meta Platforms Inc.,META,0001326801,2024,0.00,0.00,0.00,0.00,0.00,0.00,0.00,0.00,"8,303.00",0.00,20.00%,0.00
28,Meta Platforms Inc.,META,0001326801,2023,0.00,0.00,0.00,0.00,0.00,0.00,0.00,0.00,"8,330.00",0.00,0.00%,0.00
28,Meta Platforms Inc.,META,0001326801,2022,0.00,0.00,0.00,0.00,0.00,0.00,0.00,0.00,"5,619.00",0.00,0.00%,0.00
29,Comcast Corp.,CMCSA,0001166691,2024,0.00,0.00,0.00,0.00,0.00,0.00,0.00,0.00,"2,796.00",0.00,0.00%,0.00
29,Comcast Corp.,CMCSA,0001166691,2023,0.00,0.00,0.00,0.00,0.00,0.00,0.00,0.00,"5,371.00",0.00,0.00%,0.00
29,Comcast Corp.,CMCSA,0001166691,2022,0.00,0.00,0.00,0.00,0.00,0.00,0.00,0.00,"4,359.00",0.00,0.00%,0.00
31,Target Corp.,TGT,0000027419,2024,0.00,0.00,0.00,0.00,0.00,0.00,0.00,0.00,"1,159.00",0.00,0.00%,0.00
31,Target Corp.,TGT,0000027419,2022,0.00,0.00,0.00,0.00,0.00,0.00,0.00,0.00,638.00,0.00,0.00%,0.00
32,Phillips 66,PSX,0001534701,2024,11.00,0.00,0.00,11.00,-64.00,0.00,0.00,-64.00,-53.00,0.00,10.00%,0.00
32,Phillips 66,PSX,0001534701,2023,335.00,0.00,0.00,335.00,33.00,0.00,0.00,33.00,368.00,0.00,0.00%,0.00
32,Phillips 66,PSX,0001534701,2022,173.00,0.00,0.00,173.00,258.00,0.00,0.00,258.00,431.00,0.00,0.00%,0.00
34,United Parcel Service Inc.,UPS,0001090727,2024,0.00,0.00,0.00,0.00,0.00,0.00,0.00,0.00,"1,660.00",0.00,0.00%,0.00
34,United Parcel Service Inc.,UPS,0001090727,2023,0.00,0.00,0.00,0.00,0.00,0.00,0.00,0.00,"1,865.00",0.00,0.00%,0.00
34,United Parcel Service Inc.,UPS,0001090727,2022,0.00,0.00,0.00,0.00,0.00,0.00,0.00,0.00,"3,277.00",0.00,0.00%,0.00
35,Tesla Inc.,TSLA,0001318605,2024,0.00,0.00,0.00,0.00,0.00,0.00,0.00,0.00,0.00,0.00,0.00%,0.00
35,Tesla Inc.,TSLA,0001318605,2023,0.00,0.00,0.00,0.00,0.00,0.00,0.00,0.00,0.00,0.00,0.00%,0.00
35,Tesla Inc.,TSLA,0001318605,2022,0.00,0.00,0.00,0.00,0.00,0.00,0.00,0.00,0.00,0.00,0.00%,0.00
40,PBF Energy Inc.,PBF,0001534504,2024,0.00,0.00,0.00,0.00,0.00,0.00,0.00,0.00,723.80,0.00,50.00%,0.00
40,PBF Energy Inc.,PBF,0001534504,2023,0.00,0.00,0.00,0.00,0.00,0.00,0.00,0.00,584.80,0.00,0.00%,0.00
40,PBF Energy Inc.,PBF,0001534504,2022,0.00,0.00,0.00,0.00,0.00,0.00,0.00,0.00,0.00,0.00,0.00%,0.00
41,Citigroup Inc.,C,0000831001,2024,0.00,0.00,0.00,0.00,0.00,0.00,0.00,0.00,"4,211.00",0.00,21.00%,0.00
41,Citigroup Inc.,C,0000831001,2023,0.00,0.00,0.00,0.00,0.00,0.00,0.00,0.00,"3,528.00",0.00,0.00%,0.00
41,Citigroup Inc.,C,0000831001,2022,0.00,0.00,0.00,0.00,0.00,0.00,0.00,0.00,"3,642.00",0.00,0.00%,0.00
42,Archer Daniels Midland Co.,ADM,0000007084,2024,0.00,0.00,0.00,0.00,0.00,0.00,0.00,0.00,476.00,0.00,20.00%,0.00
42,Archer Daniels Midland Co.,ADM,0000007084,2023,0.00,0.00,0.00,0.00,0.00,0.00,0.00,0.00,828.00,0.00,0.00%,0.00
42,Archer Daniels Midland Co.,ADM,0000007084,2022,0.00,0.00,0.00,0.00,0.00,0.00,0.00,0.00,868.00,0.00,0.00%,0.00
44,FedEx Corp.,FDX,0001048911,2025,0.00,0.00,0.00,0.00,0.00,0.00,0.00,0.00,0.00,0.00,0.00%,0.00
44,FedEx Corp.,FDX,0001048911,2024,0.00,0.00,0.00,0.00,0.00,0.00,0.00,0.00,0.00,0.00,0.00%,0.00
44,FedEx Corp.,FDX,0001048911,2023,0.00,0.00,0.00,0.00,0.00,0.00,0.00,0.00,0.00,0.00,0.00%,0.00
45,Humana Inc.,HUM,0000049071,2024,0.00,0.00,0.00,0.00,0.00,0.00,0.00,0.00,413.00,0.00,0.00%,0.00
45,Humana Inc.,HUM,0000049071,2023,0.00,0.00,0.00,0.00,0.00,0.00,0.00,0.00,836.00,0.00,0.00%,0.00
45,Humana Inc.,HUM,0000049071,2022,0.00,0.00,0.00,0.00,0.00,0.00,0.00,0.00,762.00,0.00,0.00%,0.00
46,Energy Transfer LP,ET,0001276187,2024,0.00,0.00,0.00,0.00,0.00,0.00,0.00,0.00,541.00,0.00,0.00%,0.00
46,Energy Transfer LP,ET,0001276187,2023,0.00,0.00,0.00,0.00,0.00,0.00,0.00,0.00,303.00,0.00,0.00%,0.00
46,Energy Transfer LP,ET,0001276187,2022,0.00,0.00,0.00,0.00,0.00,0.00,0.00,0.00,204.00,0.00,0.00%,0.00
47,PepsiCo Inc.,PEP,0000077476,2024,0.00,0.00,0.00,0.00,0.00,0.00,0.00,0.00,0.00,0.00,0.00%,0.00
47,PepsiCo Inc.,PEP,0000077476,2023,0.00,0.00,0.00,0.00,0.00,0.00,0.00,0.00,0.00,0.00,0.00%,0.00
47,PepsiCo Inc.,PEP,0000077476,2022,0.00,0.00,0.00,0.00,0.00,0.00,0.00,0.00,0.00,0.00,0.00%,0.00
48,ConocoPhillips,COP,0001163165,2024,182.00,0.00,0.00,182.00,49.00,0.00,0.00,49.00,231.00,0.00,10.00%,0.00
48,ConocoPhillips,COP,0001163165,2023,202.00,0.00,0.00,202.00,65.00,0.00,0.00,65.00,267.00,0.00,0.00%,0.00
48,ConocoPhillips,COP,0001163165,2022,386.00,0.00,0.00,386.00,70.00,0.00,0.00,70.00,456.00,0.00,0.00%,0.00
49,Procter & Gamble Co.,PG,0000080424,2025,0.00,0.00,0.00,0.00,0.00,0.00,0.00,0.00,0.00,0.00,0.00%,0.00
49,Procter & Gamble Co.,PG,0000080424,2024,0.00,0.00,0.00,0.00,0.00,0.00,0.00,0.00,0.00,0.00,0.00%,0.00
49,Procter & Gamble Co.,PG,0000080424,2023,0.00,0.00,0.00,0.00,0.00,0.00,0.00,0.00,0.00,0.00,0.00%,0.00
52,American Airlines Group Inc.,AAL,0000006201,2024,0.00,0.00,0.00,0.00,0.00,0.00,0.00,0.00,0.00,0.00,20.00%,0.00
52,American Airlines Group Inc.,AAL,0000006201,2023,0.00,0.00,0.00,0.00,0.00,0.00,0.00,0.00,0.00,0.00,0.00%,0.00
52,American Airlines Group Inc.,AAL,0000006201,2022,0.00,0.00,0.00,0.00,0.00,0.00,0.00,0.00,0.00,0.00,0.00%,0.00
53,United Airlines Holdings Inc.,UAL,0000100517,2024,0.00,0.00,0.00,0.00,0.00,0.00,0.00,0.00,"1,019.00",0.00,0.00%,0.00
53,United Airlines Holdings Inc.,UAL,0000100517,2023,0.00,0.00,0.00,0.00,0.00,0.00,0.00,0.00,769.00,0.00,0.00%,0.00
53,United Airlines Holdings Inc.,UAL,0000100517,2022,0.00,0.00,0.00,0.00,0.00,0.00,0.00,0.00,253.00,0.00,0.00%,0.00
54,Lockheed Martin Corp.,LMT,0000936468,2024,0.00,0.00,120.00,120.00,0.00,0.00,16.00,16.00,136.00,0.00,30.00%,0.00
54,Lockheed Martin Corp.,LMT,0000936468,2023,0.00,0.00,102.00,102.00,0.00,0.00,5.00,5.00,107.00,0.00,0.00%,0.00
54,Lockheed Martin Corp.,LMT,0000936468,2022,0.00,0.00,87.00,87.00,0.00,0.00,19.00,19.00,106.00,0.00,0.00%,0.00
59,Morgan Stanley,MS,0000895421,2024,0.00,0.00,0.00,0.00,0.00,0.00,0.00,0.00,"4,067.00",0.00,0.00%,0.00
59,Morgan Stanley,MS,0000895421,2023,0.00,0.00,0.00,0.00,0.00,0.00,0.00,0.00,"2,583.00",0.00,0.00%,0.00
59,Morgan Stanley,MS,0000895421,2022,0.00,0.00,0.00,0.00,0.00,0.00,0.00,0.00,"2,910.00",0.00,0.00%,0.00
60,Goldman Sachs Group Inc.,GS,0000886982,2024,0.00,0.00,0.00,0.00,0.00,0.00,0.00,0.00,0.00,0.00,0.00%,0.00
60,Goldman Sachs Group Inc.,GS,0000886982,2023,0.00,0.00,0.00,0.00,0.00,0.00,0.00,0.00,0.00,0.00,0.00%,0.00
60,Goldman Sachs Group Inc.,GS,0000886982,2022,0.00,0.00,0.00,0.00,0.00,0.00,0.00,0.00,0.00,0.00,0.00%,0.00
61,HCA Healthcare Inc.,HCA,0000860730,2024,0.00,0.00,0.00,0.00,0.00,0.00,0.00,0.00,0.00,0.00,31.00%,0.00
61,HCA Healthcare Inc.,HCA,0000860730,2023,0.00,0.00,0.00,0.00,0.00,0.00,0.00,0.00,0.00,0.00,0.00%,0.00
61,HCA Healthcare Inc.,HCA,0000860730,2022,0.00,0.00,0.00,0.00,0.00,0.00,0.00,0.00,0.00,0.00,0.00%,0.00
63,Pfizer Inc.,PFE,0000078003,2024,0.00,0.00,0.00,0.00,0.00,0.00,0.00,0.00,0.00,0.00,14.50%,0.00
63,Pfizer Inc.,PFE,0000078003,2023,0.00,0.00,0.00,0.00,0.00,0.00,0.00,0.00,0.00,0.00,0.00%,0.00
63,Pfizer Inc.,PFE,0000078003,2022,0.00,0.00,0.00,0.00,0.00,0.00,0.00,0.00,0.00,0.00,0.00%,0.00
65,Charter Communications Inc.,CHTR,0001091667,2024,0.00,0.00,0.00,0.00,0.00,0.00,0.00,0.00,0.00,0.00,0.00%,0.00
65,Charter Communications Inc.,CHTR,0001091667,2023,0.00,0.00,0.00,0.00,0.00,0.00,0.00,0.00,0.00,0.00,0.00%,0.00
65,Charter Communications Inc.,CHTR,0001091667,2022,0.00,0.00,0.00,0.00,0.00,0.00,0.00,0.00,0.00,0.00,0.00%,0.00
66,AbbVie Inc.,ABBV,0001551152,2024,0.00,0.00,0.00,0.00,0.00,0.00,0.00,0.00,"3,716.00",0.00,40.00%,0.00
66,AbbVie Inc.,ABBV,0001551152,2023,0.00,0.00,0.00,0.00,0.00,0.00,0.00,0.00,"6,250.00",0.00,0.00%,0.00
66,AbbVie Inc.,ABBV,0001551152,2022,0.00,0.00,0.00,0.00,0.00,0.00,0.00,0.00,"13,477.00",0.00,0.00%,0.00
67,General Electric Co.,GE,0000040545,2024,0.00,0.00,0.00,0.00,0.00,0.00,0.00,0.00,0.00,0.00,0.00%,0.00
67,General Electric Co.,GE,0000040545,2023,0.00,0.00,0.00,0.00,0.00,0.00,0.00,0.00,0.00,0.00,0.00%,0.00
67,General Electric Co.,GE,0000040545,2022,0.00,0.00,0.00,0.00,0.00,0.00,0.00,0.00,0.00,0.00,0.00%,0.00
68,RTX Corp.,RTX,0000101829,2024,0.00,0.00,0.00,0.00,0.00,0.00,0.00,0.00,"1,181.00",0.00,0.00%,0.00
68,RTX Corp.,RTX,0000101829,2023,0.00,0.00,0.00,0.00,0.00,0.00,0.00,0.00,456.00,0.00,0.00%,0.00
68,RTX Corp.,RTX,0000101829,2022,0.00,0.00,0.00,0.00,0.00,0.00,0.00,0.00,790.00,0.00,0.00%,0.00
69,American Express Co.,AXP,0000004962,2024,0.00,0.00,0.00,0.00,0.00,0.00,0.00,0.00,"2,766.00",0.00,10.00%,0.00
69,American Express Co.,AXP,0000004962,2023,0.00,0.00,0.00,0.00,0.00,0.00,0.00,0.00,"2,139.00",0.00,0.00%,0.00
69,American Express Co.,AXP,0000004962,2022,0.00,0.00,0.00,0.00,0.00,0.00,0.00,0.00,"2,071.00",0.00,0.00%,0.00
71,Merck & Co. Inc.,MRK,0000310158,2024,0.00,0.00,0.00,0.00,0.00,0.00,0.00,0.00,0.00,0.00,40.00%,0.00
71,Merck & Co. Inc.,MRK,0000310158,2023,0.00,0.00,0.00,0.00,0.00,0.00,0.00,0.00,0.00,0.00,0.00%,0.00
73,Fannie Mae,FNMA,0000310522,2024,0.00,0.00,0.00,0.00,0.00,0.00,0.00,0.00,0.00,0.00,30.00%,0.00
73,Fannie Mae,FNMA,0000310522,2023,0.00,0.00,0.00,0.00,0.00,0.00,0.00,0.00,0.00,0.00,0.00%,0.00
73,Fannie Mae,FNMA,0000310522,2022,0.00,0.00,0.00,0.00,0.00,0.00,0.00,0.00,0.00,0.00,0.00%,0.00
75,Philip Morris International Inc.,PM,0001413329,2024,0.00,"2,668.00",0.00,"2,668.00",0.00,-35.00,0.00,-35.00,"2,633.00",0.00,50.00%,0.00
75,Philip Morris International Inc.,PM,0001413329,2023,0.00,"2,468.00",0.00,"2,468.00",0.00,38.00,0.00,38.00,"2,506.00",0.00,0.00%,0.00
75,Philip Morris International Inc.,PM,0001413329,2022,0.00,"2,553.00",0.00,"2,553.00",0.00,-95.00,0.00,-95.00,"2,458.00",0.00,0.00%,0.00
79,Coca-Cola Co.,KO,0000021344,2024,0.00,0.00,0.00,0.00,0.00,0.00,0.00,0.00,0.00,0.00,30.00%,0.00
79,Coca-Cola Co.,KO,0000021344,2023,0.00,0.00,0.00,0.00,0.00,0.00,0.00,0.00,0.00,0.00,0.00%,0.00
80,Eli Lilly and Co.,LLY,0000059478,2024,0.00,0.00,0.00,0.00,0.00,0.00,0.00,0.00,0.00,0.00,20.00%,0.00
80,Eli Lilly and Co.,LLY,0000059478,2023,0.00,0.00,0.00,0.00,0.00,0.00,0.00,0.00,0.00,0.00,0.00%,0.00
80,Eli Lilly and Co.,LLY,0000059478,2022,0.00,0.00,0.00,0.00,0.00,0.00,0.00,0.00,0.00,0.00,0.00%,0.00
82,Progressive Corp.,PGR,0000080661,2024,0.00,0.00,0.00,0.00,0.00,0.00,0.00,0.00,0.00,0.00,0.00%,0.00
82,Progressive Corp.,PGR,0000080661,2023,0.00,0.00,0.00,0.00,0.00,0.00,0.00,0.00,0.00,0.00,0.00%,0.00
83,Allstate Corp.,ALL,0000899051,2024,0.00,0.00,0.00,0.00,0.00,0.00,0.00,0.00,0.00,0.00,50.00%,0.00
83,Allstate Corp.,ALL,0000899051,2023,0.00,0.00,0.00,0.00,0.00,0.00,0.00,0.00,0.00,0.00,0.00%,0.00
83,Allstate Corp.,ALL,0000899051,2022,0.00,0.00,0.00,0.00,0.00,0.00,0.00,0.00,0.00,0.00,0.00%,0.00
85,Walt Disney Co.,DIS,0001744489,2025,0.00,0.00,0.00,0.00,0.00,0.00,0.00,0.00,"1,796.00",0.00,0.00%,0.00
85,Walt Disney Co.,DIS,0001744489,2024,0.00,0.00,0.00,0.00,0.00,0.00,0.00,0.00,"1,379.00",0.00,0.00%,0.00
85,Walt Disney Co.,DIS,0001744489,2023,0.00,0.00,0.00,0.00,0.00,0.00,0.00,0.00,0.00,0.00,0.00%,0.00
86,Nike Inc.,NKE,0000320187,2025,0.00,0.00,0.00,0.00,0.00,0.00,0.00,0.00,666.00,0.00,0.00%,0.00
86,Nike Inc.,NKE,0000320187,2024,0.00,0.00,0.00,0.00,0.00,0.00,0.00,0.00,"1,000.00",0.00,0.00%,0.00
86,Nike Inc.,NKE,0000320187,2023,0.00,0.00,0.00,0.00,0.00,0.00,0.00,0.00,"1,131.00",0.00,0.00%,0.00
87,Best Buy Co. Inc.,BBY,0000764478,2025,0.00,0.00,0.00,0.00,0.00,0.00,0.00,0.00,372.00,0.00,22.60%,0.00
87,Best Buy Co. Inc.,BBY,0000764478,2024,0.00,0.00,0.00,0.00,0.00,0.00,0.00,0.00,381.00,0.00,0.00%,0.00
87,Best Buy Co. Inc.,BBY,0000764478,2023,0.00,0.00,0.00,0.00,0.00,0.00,0.00,0.00,370.00,0.00,0.00%,0.00
88,Abbott Laboratories,ABT,0000001800,2024,0.00,0.00,0.00,0.00,0.00,0.00,0.00,0.00,0.00,0.00,0.00%,0.00
88,Abbott Laboratories,ABT,0000001800,2023,0.00,0.00,0.00,0.00,0.00,0.00,0.00,0.00,0.00,0.00,0.00%,0.00
89,Publix Super Markets Inc.,N/A,0001041061,2024,0.00,0.00,0.00,0.00,0.00,0.00,0.00,0.00,0.00,0.00,50.00%,0.00
89,Publix Super Markets Inc.,N/A,0001041061,2023,0.00,0.00,0.00,0.00,0.00,0.00,0.00,0.00,0.00,0.00,0.00%,0.00
90,Oracle Corp.,ORCL,0001341439,2025,0.00,0.00,0.00,0.00,0.00,0.00,0.00,0.00,"1,717.00",0.00,15.00%,0.00
90,Oracle Corp.,ORCL,0001341439,2024,0.00,0.00,0.00,0.00,0.00,0.00,0.00,0.00,"1,274.00",0.00,0.00%,0.00
90,Oracle Corp.,ORCL,0001341439,2023,0.00,0.00,0.00,0.00,0.00,0.00,0.00,0.00,623.00,0.00,0.00%,0.00
91,Deere & Co.,DE,0000315189,2025,0.00,0.00,0.00,0.00,0.00,0.00,0.00,0.00,"1,259.00",0.00,0.00%,0.00
91,Deere & Co.,DE,0000315189,2024,0.00,0.00,0.00,0.00,0.00,0.00,0.00,0.00,"2,094.00",0.00,0.00%,0.00
91,Deere & Co.,DE,0000315189,2023,0.00,0.00,0.00,0.00,0.00,0.00,0.00,0.00,"2,871.00",0.00,0.00%,0.00
94,Netflix Inc.,NFLX,0001065280,2024,0.00,0.00,0.00,0.00,0.00,0.00,0.00,0.00,"1,254,026.00",0.00,0.00%,0.00
94,Netflix Inc.,NFLX,0001065280,2023,0.00,0.00,0.00,0.00,0.00,0.00,0.00,0.00,"797,415.00",0.00,0.00%,0.00
94,Netflix Inc.,NFLX,0001065280,2022,0.00,0.00,0.00,0.00,0.00,0.00,0.00,0.00,"772,005.00",0.00,0.00%,0.00
95,Bristol-Myers Squibb Co.,BMY,0000014272,2024,0.00,0.00,0.00,0.00,0.00,0.00,0.00,0.00,0.00,0.00,30.00%,0.00
95,Bristol-Myers Squibb Co.,BMY,0000014272,2023,0.00,0.00,0.00,0.00,0.00,0.00,0.00,0.00,0.00,0.00,0.00%,0.00
96,Travelers Companies Inc.,TRV,0000086312,2024,0.00,0.00,0.00,0.00,0.00,0.00,0.00,0.00,"1,102.00",0.00,0.00%,0.00
96,Travelers Companies Inc.,TRV,0000086312,2023,0.00,0.00,0.00,0.00,0.00,0.00,0.00,0.00,900.00,0.00,0.00%,0.00
96,Travelers Companies Inc.,TRV,0000086312,2022,0.00,0.00,0.00,0.00,0.00,0.00,0.00,0.00,0.00,0.00,0.00%,0.00
97,Nucor Corp.,NUE,0000073309,2024,0.00,0.00,0.00,0.00,0.00,0.00,0.00,0.00,583.00,0.00,6.60%,0.00
97,Nucor Corp.,NUE,0000073309,2023,0.00,0.00,0.00,0.00,0.00,0.00,0.00,0.00,"1,360.00",0.00,0.00%,0.00
97,Nucor Corp.,NUE,0000073309,2022,0.00,0.00,0.00,0.00,0.00,0.00,0.00,0.00,"2,166.00",0.00,0.00%,0.00
98,Tyson Foods Inc.,TSN,0000100493,2025,0.00,338.00,0.00,338.00,0.00,-76.00,0.00,-76.00,262.00,0.00,0.00%,0.00
98,Tyson Foods Inc.,TSN,0000100493,2024,0.00,315.00,0.00,315.00,0.00,-45.00,0.00,-45.00,270.00,0.00,0.00%,0.00
98,Tyson Foods Inc.,TSN,0000100493,2023,0.00,154.00,0.00,154.00,0.00,-183.00,0.00,-183.00,-29.00,0.00,0.00%,0.00
